,,,,,,,,,
,,,,,,,,,
,,,,,,,,,
,,,,,,,,,
,,,,,,,,,
,,,,,,,,,
,,,,,,,,,
,,,,,,,,,
,,,,,,,,,
日付,評価,名前,プロフィールURL,年代・性別,使い道,使う人,購入した回数,レビューのタイトル,レビューの本文
2020-11-04,5,"""オマリエルさん"" ",https://review.rakuten.co.jp/my/ZDkwYWU4OTBjOTljNDgxYw__/1.0.0.1/,40代 女性,実用品・普段使い,自分用,はじめて,スッキリ感がいい,"シャンプーは、キュッキュッと汚れなどが落ちた感じがして私は好きですね。トリートメントで、ツルンとなりましたので、洗い上がりの キシミもなく　

お値段からみても良い商品と思います"
2020-11-03,5,"""かずたん321さん"" ",https://review.rakuten.co.jp/my/M2E0OWVkNTlmYzA2OWIxOA__/1.0.0.1/,40代 女性,実用品・普段使い,自分用,はじめて,"
","頭皮すっきり　

髪つやつや　

また 夏場にリピ確定です。"
2020-11-02,4,"ゲストさん"" ","
","
",実用品・普段使い,自分用,リピート,"
",お買い得で良かった。いい感じの洗い上がりと思う。
2020-11-01,5,"ゲストさん"" ","
","
",実用品・普段使い,自分用,リピート,良いです,"価格も使い心地もとてもいいです。　

個人的には、香りだけがあまり好みじゃないけど、数日使ってると気にならなくなります。　

スカルプはクレンズよりサラサラになるし、使用感はとても気に入っています。"
2020-11-01,5,"""ロマパリさん"" ",https://review.rakuten.co.jp/my/MTk3YjhlMWRiMzY3Nzc_/1.0.0.1/,50代 女性,実用品・普段使い,自分用,リピート,"
","リピーターです。今回とてもお得に購入できて良かったです。　

でも、もしかしたら人気がないのかしら?!　

とても気に入っている商品なので無くならないでほしいです。宜しくお願いします。"
2020-10-27,5,"""りう777さん"" ",https://review.rakuten.co.jp/my/NGY5OTMxZWFmZTU4NDAxZQ__/1.0.0.1/,30代 男性,"
","
","
","
","シャンプーは洗い上がり指が通らないくらいに髪がきしむけどトリートメントと併用すれば良い感じに仕上がるかな。　

匂いもキツすぎなくて男女問わず使える。　

まだ3回くらいしか使ってないけど満足です。　

あとはスカルプ効果に期待したいですねー。　

ショップの対応は注文からの配送も早くて良かったですよ。"
2020-10-26,4,"""かんなぴょんさん"" ",https://review.rakuten.co.jp/my/NDY5ZjJlMjkzNTMw/1.0.0.1/,40代 女性,実用品・普段使い,家族へ,はじめて,"
","近くのお店より安く買えて良かったです。　

スカルプケアにしたからか、少し洗い上がりの髪がきしみます。トリートメントすると少し落ち着きますが…。匂いはすごくいい匂いです。気分が上がります。"
2020-10-25,5,"""Godmotherさん"" ",https://review.rakuten.co.jp/my/NTE1ZmE4NDVmYjdkMjExOQ__/1.0.0.1/,50代 女性,実用品・普段使い,自分用,はじめて,普段使いのものが安い！,いつも使用しているものが、ドラッグストアよりもお安く購入できたので、大変満足です。
2020-10-25,5,"""とろっぴーさん"" ",https://review.rakuten.co.jp/my/MDBhMTQzZjg1MDQ3NWMxOA__/1.0.0.1/,20代 男性,実用品・普段使い,自分用,はじめて,"
",普段使用している商品で、送料無料の上にセットで割安だったため迷わず購入しました。
2020-10-24,4,"ゲストさん"" ","
","
",実用品・普段使い,子供へ,はじめて,"
",娘がモイストタイプだと髪がベタつくので試しにこちらを購入してみました。シャンプーは少し軋むけどトリートメントをするとスベスベになるみたいです。
2020-10-24,4,"""はりはりぃさん"" ",https://review.rakuten.co.jp/my/MzkwNjcyMmQwYzZmMzU_/1.0.0.1/,30代 女性,実用品・普段使い,自分用,リピート,"
","普段値段が高いので、お値引きに惹かれて購入しました！　

まだ使用してませんが、ボディクリームなども同じシリーズを使ってるので楽しみです。"
2020-10-22,5,"""mine(マイン)さん"" ",https://review.rakuten.co.jp/my/MGRmOGUxOGQwNjZi/1.0.0.1/,40代 女性,実用品・普段使い,家族へ,はじめて,お買い得で助かった！,"運動部の息子のお気に入りを送料無料でこの価格！お買い得と言う言葉しかありません。　

頭皮がスッキリし、メントールの爽やかさがクセになるとの事。　

個人的感想ですが、長めの髪だとスッキリしすぎて軋む感覚があり、シャンプー後は手に髪が絡まるのが気になりました。短髪やショートの方のが良さそうです。　

トリートメント後、乾かすとサラサラにはなります。これからの季節は頭が寒く感じるかもしれません(笑)"
2020-10-22,5,"""ひなんちゅママさん"" ",https://review.rakuten.co.jp/my/NmQyZTgyOTk0MzY5NGYxNg__/1.0.0.1/,30代 女性,実用品・普段使い,自分用,"
","
","チャコールの方を購入しました！　

シャンプーだけだとギッシギシで大丈夫かなぁ…って感じだったのですが、トリートメントを使うことでとぅるッとぅるの仕上がりとなりました！　

ペアで使うことが大事なんだなぁと実感です！　

メンソールのスースーした感じもすっごく好きで気に入ってます！"
2020-10-22,5,"ゲストさん"" ","
","
","
","
","
","
",安く購入できるので助かってます。。。。。
2020-10-20,5,"""norimakihiromiさん"" ",https://review.rakuten.co.jp/my/MTA4MjE3MTI0MDJiOWY_/1.0.0.1/,50代 女性,実用品・普段使い,家族へ,リピート,"
","何回目か分からないくらいリピートしてます。　

スーッと地肌が爽やか気持ちよくて、香りもきつ過ぎず優しい香りで気に入ってます。"
2020-10-20,5,"""せさけんさん"" ",https://review.rakuten.co.jp/my/ZjU5NDg3ZDYwN2ZlMTg_/1.0.0.1/,30代 男性,実用品・普段使い,自分用,はじめて,"
","ボタニカルシャンプーが安かったので購入。　

使い心地ヨシです！"
2020-10-20,4,"ゲストさん"" ","
","
","
","
","
","
","自分に合わないシャンプーを使用すると頭皮が痒くなるので、今回初めてこちらの商品を使用させていただきます。　

使用後は痒くならないのでしばらく使い続けてみます"
2020-10-19,5,"ゲストさん"" ","
","
","
","
",リピート,"
",頭皮がしっかり洗えている感じと香りが好きでリピートしています。
2020-10-15,5,"""boo_さんさん"" ",https://review.rakuten.co.jp/my/M2YzNWI2Mjk4ZTI3NTkxYw__/1.0.0.1/,40代 女性,実用品・普段使い,自分用,はじめて,"
","安く購入出来て良かったです。　

さっぱり　

洗い感もすごくさっぱりしていてあとはしっとり。　

香りもいいです。"
2020-10-15,4,"ゲストさん"" ","
","
","
","
","
","
",再購入です。少し軋む感じはしますが、さっぱりして頭皮に良さそうかな？
2020-10-15,5,"ゲストさん"" ","
","
","
","
","
","
",今回も迅速な対応発送、ありがとうございました。
2020-10-14,3,"""emamina016さん"" ",https://review.rakuten.co.jp/my/NWFjMDA1M2RhNmU1NTMxMA__/1.0.0.1/,30代 女性,"
","
","
","
",ちょっとギシギシしちゃいますね。汚れは落ちてる感じしますけど。うーんです。
2020-10-14,5,"""こぴょんこさん"" ",https://review.rakuten.co.jp/my/YzJlYmJmOTI0NjJmNTAxZQ__/1.0.0.1/,40代 女性,実用品・普段使い,自分用,はじめて,"
",まだ使用途中のものがあるので未使用ですが、好きな香りとシンプルおしゃれなパッケージデザインに満足してます。早く使ってみたいです。
2020-10-13,5,"""しろ2くま2さん"" ",https://review.rakuten.co.jp/my/ZGMwN2VmZDY1NmQ4M2U_/1.0.0.1/,40代 女性,"
","
","
","
",別のタイプを使用しているのですが少なくなった為、前から気になっていたスカルプを購入しました。セットで安く購入できよかったです。商品も早く届きとても満足してます。
2020-10-10,5,"""ＳＭＴ123さん"" ",https://review.rakuten.co.jp/my/MTliYWIxZjNhODk2NDUxMA__/1.0.0.1/,60代 男性,"
","
","
",値段以上に！,"泡立ちが良く大変満足しています。 　

頭皮もサッパリして気持ちいいです。"
2020-10-10,5,"""たい3866さん"" ",https://review.rakuten.co.jp/my/NzM2NjI0MzI4YWE1/1.0.0.1/,50代 男性,"
","
","
",地肌さっぱり,"同じものの別のタイプを２年使用から切り替え。シャンプーの泡立ちが良く、期待通り一度でさっぱりします。私にはこちらの方が合っていました。コンディショナーをよく浸透させてすすげば髪はさらさらです。ツヤも以前のタイプより出るような　

気もしています。"
2020-10-09,5,"ゲストさん"" ","
","
",実用品・普段使い,自分用,リピート,リピート,"今まで頭の痒みで悩んでたんですが、ボタニストのスカルプはやっぱりいいです!!　

痒みがほとんど無くなりました。　

これからも使っていきたいと思ってます。"
2020-10-08,5,"ゲストさん"" ","
","
","
",自分用,はじめて,ボタニカル買うなら楽天,"この値段ならめっちゃお得&amp;#8252;&amp;#8252;　

しかもSALE中だったし&amp;#10024;&amp;#10024;　

チャコールクレンズって、お店で売ってないからありがたい&amp;#128518;&amp;#10024;"
2020-10-08,5,"""ちー０７１３さん"" ",https://review.rakuten.co.jp/my/YjI0ZjBiOWNkNTQ3NTQ_/1.0.0.1/,30代 女性,実用品・普段使い,家族へ,リピート,いつもの☆,リピートです♪家族でスカルプがお気に入りで何度もリピートしています♪スッキリした洗い心地で、男性女性問わず使えるのが魅力です(^-^)
2020-10-06,5,"ゲストさん"" ","
","
","
","
","
",良かったです,"使い心地良かったです　

高いシャンプーですが、使い続けます"
2020-10-06,5,"""billie426さん"" ",https://review.rakuten.co.jp/my/ZjNkMzYxODRlODIxODI_/1.0.0.1/,40代 女性,実用品・普段使い,家族へ,リピート,スカルプケア,スカルプケアセット購入。香りがとても爽やかで気に入りました。娘は、こちらを使うとフケや痒みがなくなります。とても合っているようです。仕上がりもサラサラになりますよ。
2020-10-05,5,"""ぐっさん0108さん"" ",https://review.rakuten.co.jp/my/MWQ4NTE1MTI1NzZmNDkxOA__/1.0.0.1/,30代 男性,"
","
","
","
",思ったより納品が遅かったが、事前連絡もしっかりしてくれた
2020-10-01,5,"""にゃんこ101796さん"" ",https://review.rakuten.co.jp/my/ZjRmN2FiNzQ5ZmVlYTMxZQ__/1.0.0.1/,40代 女性,実用品・普段使い,自分用,はじめて,"
","シルバーウィーク中の注文でしたが､休み明け早速の配送に感謝です｡　

ずっと使ってみたいシャンプーでしたので､お値段も安くて大満足です｡　

ご丁寧な対応&amp;お値段､オススメのショップさんだと思います｡"
2020-09-30,4,"ゲストさん"" ","
","
",実用品・普段使い,自分用,はじめて,いい香り,"とてもよく泡立ちさっぱりします。　

とても好きな香りで洗うのが楽しくもあります。"
2020-09-28,5,"""おひめたん0310さん"" ",https://review.rakuten.co.jp/my/NTc3NTA2N2MzOTA1OTg_/1.0.0.1/,40代 女性,"
","
","
","
",ここ数年ずっと愛用してるから一本千円ちょいはすごくお値打ち。トラベルセットほしかったからプレゼントは本当嬉しい。3セット買いました。
2020-09-27,4,"ゲストさん"" ","
","
","
","
","
","
",購入後すぐに商品が届きとても満足しています。
2020-09-26,5,"""mgshlpさん"" ",https://review.rakuten.co.jp/my/YWFlMzZhNGU3MWRiOGYxMA__/1.0.0.1/,50代 男性,"
","
","
",髪に優しいボタニカル,髪に優しいシャンプーだったので購入しました。
2020-09-26,4,"ゲストさん"" ","
","
",実用品・普段使い,男性（彼、夫）へ,はじめて,旦那さん用,"チャコールクレンズ購入！旦那さん用です。　

まだ使っていませんが、もう少しで今使っているのがなくなるので、こちらにします！"
2020-09-25,5,"""ｋａｏｒｉｒａｋａさん"" ",https://review.rakuten.co.jp/my/MzEwOGQ5NWI4NTE1M2ExNw__/1.0.0.1/,40代 女性,"
","
","
","
",とても良く泡立ち洗い上がりはさっぱりします。香りも良いのでお風呂タイムが楽しみになりました！
2020-09-25,4,"""ジャスミン0208さん"" ",https://review.rakuten.co.jp/my/YWM3MjgwMWQ2YTI3/1.0.0.1/,40代 女性,実用品・普段使い,家族へ,はじめて,お試しに買いました。,"家族用に購入しました。　

末っ子の髪質には良かったらしく長女な髪質には合わなかったようです。乾燥や傷んでいる髪質の方には合わないのかなと思います。　

逆に頭皮の脂が多い人にはぴったりなんだと納得です。"
2020-09-24,5,"""しんせんたまごさん"" ",https://review.rakuten.co.jp/my/ZmExMTVlZGViZTRhNzc_/1.0.0.1/,40代 女性,"
",自分用,"
","
",前から気になっていたシャンプーなので この値段で買えてよかったです。頭皮が油っぽい感じなので、すっきり洗えている感じがします。
2020-09-23,5,"ゲストさん"" ","
","
",実用品・普段使い,自分用,はじめて,"
",初めてチャコールクレンズを購入しました。ダメージがひどいのでシャンプーを流す時にきしんで大変ですが、コンディショナーでツルツルになれます。スゥーとした使用感も良かったです。
2020-09-23,5,"ゲストさん"" ","
","
",実用品・普段使い,家族へ,はじめて,良いですね,"髪の毛サラサラになります。香りも良く　

気に入りました。"
2020-09-22,5,"""yuki8117さん"" ",https://review.rakuten.co.jp/my/MDhlODIzYTQ2NjQ0/1.0.0.1/,40代 女性,実用品・普段使い,自分用,はじめて,"
","地肌がすっきりするシャンプー、トリートメントを探してこれを見つけました。ドラッグストアより安くてお得でした。シャンプーで髪がきしみますが、清涼感があり、トリートメントでスムーズな指通りになり、さらさらに仕上がります。　

また購入したいと思います。(o^^o)"
2020-09-22,5,"""楽天にゃんころさん"" ",https://review.rakuten.co.jp/my/OWFjMWEwM2QxNWE5NmY_/1.0.0.1/,40代 女性,"
","
","
","
","お得だったのでまた購入しました。　

ごわごわしますが、トリートメントでさらさらになります。さっぱりしますし。　

10月くらいまで日中は暑いので、使えます。"
2020-09-22,4,"""-mallon-さん"" ",https://review.rakuten.co.jp/my/YzQzNzg3YzhlZTJiOTQxNw__/1.0.0.1/,20代 女性,実用品・普段使い,家族へ,はじめて,シャンプーを流したあと…,"シャンプー、トリートメント共にいい匂いです。　

カラーをしているせいなのかロングだからなのか、シャンプーを洗い流してる最中からきしむ感じ(髪がきゅっきゅっってなって指につっかかる感じ)が気になります…。　

トリートメントをして流したあとは、きしみも気にならず乾かしたあとはサラサラです！　

夫用に買って、夫は満足しているので星4で、　

自分用にはダメージヘア用みたいなのを検討したいと思います！"
2020-09-21,5,"ゲストさん"" ","
","
",実用品・普段使い,自分用,はじめて,"
","セットで今回安くなってたので、初めて購入しました！　

スカルプは初めて購入したのですが、いい使い心地でした！　

安く購入できたのでよかったです。"
2020-09-21,5,"ゲストさん"" ","
","
",実用品・普段使い,自分用,"
",痒みとフケから解放,"チャコールクレンズを利用して痒みやフケも改善したのでリピです。　

シャンプーはとても粘度高くきしむためロングだととても大変ですがトリートメントをすると落ち着きます。　

トリートメントの香りは個人的に市販のカラー剤に近いなと感じます。　

自身は肩甲骨下までのロングですが、ロングの方にはあまりお勧め出来ないかな。"
2020-09-19,5,"""ゆかくに0727さん"" ",https://review.rakuten.co.jp/my/OWYxYjNiYjQ4YTVkNDM_/1.0.0.1/,40代 女性,実用品・普段使い,家族へ,リピート,スッキリさっぱり,"実家に帰省中こちらを使っていたら母も気に入ったようなので買い足しです。　

髪の毛＆頭皮の汚れスッキリ、スースーして気持ちいいです。"
2020-09-19,2,"""４ヒロさん"" ",https://review.rakuten.co.jp/my/MWZiNGMyYWI1YjI1MzkxYg__/1.0.0.1/,20代 男性,"
",自分用,はじめて,香りよし、洗い上がりもさっぱりですが、,"ボタニストの香りが好きで洗浄力メインのものが出ていたので購入してみました。　

普通のメントール配合シャンプー等よりスースー感は少なめですが、洗った後のさっぱりした感じが私にはちょうど良いです。　

香りはとても良く、髪を洗っている時リラックスできる程です。　

ただし、髪質のせいもあるかもしれませんが、シャンプーして洗い流す時にキシキシしてしまいます。（力を入れないと手櫛では途中で止まるくらい）　

コンディショナーを付け乾かした後も髪がゴワ付いてしまい残念です…"
2020-09-19,2,"ゲストさん"" ","
","
",実用品・普段使い,自分用,はじめて,"
",他店に比べてとても安かったので初めてスカルプケアを購入しました。髪はストレートで量は普通、ヒップまであるロングです。レビューできしむとのコメントが多く不安に思っていましたが、私はそんなにきしむことはなかったです。スカルプなのでスッキリ洗い上げると思っていましたがあまりスッキリせず、匂いは何種類も混じってしまっていい香りではありませんでした。スッキリ効果がいまいちなのでリピはありません。
2020-09-19,4,"""とまっちょ嫁さん"" ",https://review.rakuten.co.jp/my/NDc0MzdkNDM1NDQ2OWQ_/1.0.0.1/,50代 女性,実用品・普段使い,自分用,はじめて,頭皮の改善,"取り引きは、とてもスムーズに終わりました。　

安心して利用できる　

shopです。"
2020-09-18,4,"""ママ8047さん"" ",https://review.rakuten.co.jp/my/NGQwOTQyNmM4NTU2YTcxYg__/1.0.0.1/,40代 女性,実用品・普段使い,家族へ,リピート,家族で使っています,頭皮がすっきりした感じがします。息子の汗臭さが今までのシャンプーでは残ってしまっていましたが、スカルプシャンプーすると汗臭くなくなりました。香りも良くてシャンプーが楽しみになりました。髪はしっとりしないので、ヘアバックなどしたほうが良さそうです。
2020-09-18,2,"""ぺらぶさん"" ",https://review.rakuten.co.jp/my/ZThiYWNiZWM5MGUwMWMxMQ__/1.0.0.1/,50代 女性,実用品・普段使い,自分用,はじめて,かゆみがひどくて試してみました,コタのシャンプーが合わなくなったのか、かゆみがひどくなってきたのでスカルプケアを購入。洗っているときから髪がきしみまくります。スーッとしたような感じがありますが、においは何だかトイレの消臭剤のような人工的な感じで上品感は正直あまりないかなあ。頭皮はすっきりした感じでしたが、ドライヤーをすると細かいフケが大量にでました。どうやら乾燥しすぎのようです。なので、少量をコタのシャンプーに混ぜて使い、トリートメントは頭皮につけてカミはコタのものをたっぷりつけてと使用方法をカスタムしてみたら、落ち着きました。
2020-09-17,5,"ゲストさん"" ","
","
",実用品・普段使い,自分用,はじめて,自分用,自分用に値段が安かったのでポチっと。発送も早かったし。私の髪や頭皮がすっきりしたような気がします！！
2020-09-17,5,"ゲストさん"" ","
","
",実用品・普段使い,自分用,はじめて,"
","他店より安かったので購入。　

まだ使っていませんが　

期待を込めて星５つ！"
2020-09-16,5,"""keien616さん"" ",https://review.rakuten.co.jp/my/ODZmMDI2OGRmMjU3NGUxYw__/1.0.0.1/,30代 女性,"
","
","
",良い商品,産後抜け毛がすごかったので植物成分のこちらの商品を購入しました。まだ2回しか使ってないですが、勘違いかもしれませんが、少し効果があるらしいです。また、スーパーセール中でお得に買えてよかったです！
2020-09-15,4,"""キャップちんたんさん"" ",https://review.rakuten.co.jp/my/Y2EyN2NmZDUwYzdh/1.0.0.1/,40代 女性,"
","
","
",リピです,"いつもより安かったので購入。　

まだ使ってませんが、期待をこめて星4。"
2020-09-15,5,"""あっきえっりさん"" ",https://review.rakuten.co.jp/my/MWM3NDRlYzhjZjNkYzQ_/1.0.0.1/,40代 男性,実用品・普段使い,自分用,リピート,"
",ボタニカルシリーズはいつも使ってるんですけど今回新発売ってことで買いました。 この暑い時期に使うとかなりスッキリするのでいいのではないでしょうか
2020-09-15,4,"""ts3120さん"" ",https://review.rakuten.co.jp/my/YzdiYzQzYjc4ZDNiNTkxYg__/1.0.0.1/,30代 男性,"
","
","
","
",普段ドラックストアで購入してましたが、定価での購入でしたが、こちらで安く購入できて良かったです。
2020-09-15,5,"ゲストさん"" ","
","
","
","
","
",とっても良かった,"初めてボタニストを購入してみました。　

夫が使うのですが、香りがとにかく良く気に入っているそうです。　

そしてなんとおまけが付いていました！！　

ボタニストのトラベルサイズのシャンプー、コンディショナー、ボディソープでしたー！！　

一緒にサロニアのヘアアイロンを購入したのでどっちに付いてたおまけなのかは分かりませんが、とっても嬉しかったです！　

ありがとうございました。"
2020-09-15,5,"""ちー０７１３さん"" ",https://review.rakuten.co.jp/my/YjI0ZjBiOWNkNTQ3NTQ_/1.0.0.1/,30代 女性,実用品・普段使い,家族へ,リピート,いつもの☆,スカルプをリピート購入です♪スッキリ洗いあがるので家族で愛用させて頂いています♪
2020-09-15,4,"""ぴえろんずさん"" ",https://review.rakuten.co.jp/my/ZDg2MjY5NjdiOTVkOTU_/1.0.0.1/,30代 女性,"
","
","
","
","香りを替えながら愛用して数年、一旦卒業していましたが、シャンプー買い替えのタイミングと特価を目にしたタイミングが重なり再開しました。　

洗い上がりも滑らかですがシャンプーしている時の質感が良い！と思ったので、またタイミングが合ったらリピートしそうです。"
2020-09-13,1,"ゲストさん"" ","
","
",実用品・普段使い,自分用,はじめて,スーパーセールで,"14日着に指定していましたが、なぜか13日に到着しました。　

中を確認した所、商品全て埃まみれで凄い汚くて残念でした。"
2020-09-13,2,"""☆R☆6099さん"" ",https://review.rakuten.co.jp/my/MDkzMTA3OTYzOTBhNTUxZA__/1.0.0.1/,20代 女性,実用品・普段使い,自分用,"
","
",チャコールクレンズ購入。他のレビューでもあるようにシャンプーすると髪がきしきしします。泡立ちもあまり良くありませんでした。コンディショナーできしきしはなくなるけど頭皮ケアって感じではない。頭皮の匂いが気になって使ってみたけど個人的には逆効果だった気がしました。ほかのBOTANISTの商品は愛用していますがこれは使い切ることができなかったです。
2020-09-12,5,"""CiviCさん"" ",https://review.rakuten.co.jp/my/ODJhNzU0MDgyMWU4MmExNQ__/1.0.0.1/,20代 男性,"
","
","
","
","いつもドラックストアであるのが気になってました　

使ってみたいですね"
2020-09-12,5,"""ふくふく0916さん"" ",https://review.rakuten.co.jp/my/M2Q0YWY0YmUxYmVlM2E_/1.0.0.1/,40代 女性,実用品・普段使い,家族へ,はじめて,"
","迅速に対応して頂き有難うございました。　

お値段も他で見た事のないもので助かります。又リピートしたいと思います。　

有難うございました。"
2020-09-12,4,"""2にゃんこloveさん"" ",https://review.rakuten.co.jp/my/ODU4NzQwMjNiOWNhMzIxYQ__/1.0.0.1/,30代 女性,実用品・普段使い,自分用,はじめて,初めて購入しました,"バレーボールをしてるのですが？頭汗をすごくかいて脂っぽいと思ったので、頭皮をサッパリにしたくて、初めて購入してみました。　

シャンプーがジェルみたいで、ビックリしました。泡立ちはボチボチです、スゴく髪がキシキシします。メントールですごくスースーします。　

リンストリートメントをしたらキシキシはだいでした。逆に髪を乾かした後はいつもよりサラサラしてる感じがしました。　

匂いは良い臭いでした。"
2020-09-12,4,"""まこっちゃんVさん"" ",https://review.rakuten.co.jp/my/N2ZmODcxNjRjNzg2NDMxOQ__/1.0.0.1/,50代 男性,実用品・普段使い,自分用,はじめて,"
",迅速な対応ありがとうございました。まだ使用してませんが、今のシャンプーがなくなり次第、使用してみます。
2020-09-12,4,"ゲストさん"" ","
","
",実用品・普段使い,自分用,はじめて,良い香りです,夏バテとストレスのせいか毛量が減った気がしたため購入。とても良い香りです。シャンプーを洗い流すとキュッとする感じがしますが、トリートメントでサラサラになります。色々なことを見直したのでこれのおかげでかはわかりませんが、地肌のベタつき等は抑えられた気がします。
2020-09-11,5,"""norimakihiromiさん"" ",https://review.rakuten.co.jp/my/MTA4MjE3MTI0MDJiOWY_/1.0.0.1/,50代 女性,実用品・普段使い,家族へ,リピート,"
","ボタニストは家族でお気に入りでリピートで使用してます。　

季節限定物から色々と使用してますが、どれも香りは良く使用感も気に入ってます。　

今回は地肌の物を購入しました。　

主人が頭皮のイボが無くなり、以来、迷いもなく使い続けてます。家族で。"
2020-09-11,5,"""xxmikanxxさん"" ",https://review.rakuten.co.jp/my/MmUwMTQxZmRhY2VhMjMxNA__/1.0.0.1/,40代 女性,実用品・普段使い,自分用,リピート,"
","特価で2本セット2,178円でした。スーパーでお試しセットを格安で見ましたが、ボトルは同じ大きさなのですが内容量がお試しになっていて通常より少なかったのです、しかしこちらは内容量も通常通りでいつもより安値でしたので購入しました。　

私は肌が弱め、髪量は多く、クセ少し、月1.2回白髪リタッチ染め、ブリーチ部分も有、ほぼ毎日アイロン使用してます。　

ボタニカルシャンプーは色々な種類試しましたが、痒くならないのはスカルプタイプだけでした。たまにダメージケアシリーズも使っています。子供たちはモイストタイプ。香りはモイストかさっぱりタイプが一番好きです。　

スカルプタイプはシャンプー後少し髪がきしみますが、トリートメントを地肌から塗布マッサージしているうちに髪に馴染んでいくので、その後髪に伸ばすと髪への摩擦も減ると思います。ヘアカラーの後や髪の艶、しっとり感を重視したい時は、仕上げにダメージケアのトリートメントやヘアパックを使用してます。"
2020-09-10,5,"""さー0502さん"" ",https://review.rakuten.co.jp/my/Yjc2NjI3MGE1Y2E2MjE_/1.0.0.1/,50代 女性,実用品・普段使い,自分用,はじめて,"
","シャンプーがきしむ…とレビューで見ましたが、それほど気になりませんでした。　

ロングヘアですが、私は大丈夫です。　

シャンプー、コンディショナーともにスッとするので、すっきりします。　

香りも爽やかです。男性にもOKな香りです。"
2020-09-09,5,"ゲストさん"" ","
","
","
","
","
",お得！,普通のスーパーで買ったら3000円の品がお得に買えるのでとても助かります。
2020-09-09,5,"""yuanfenさん"" ",https://review.rakuten.co.jp/my/NjQ0MjA2YTFjNTI5/1.0.0.1/,40代 女性,実用品・普段使い,家族へ,リピート,おきにいり,"何度もリピートしています。家族で使ってます。　

臭い子供たちの頭の匂いがよい匂いになってます。"
2020-09-09,5,"ゲストさん"" ","
","
","
",家族へ,"
","
","初めて黒い商品を使用しました。　

いつもは、しっとりを使用しているので、これはかなりさっぱりきしむ感じ。　

トリートメントで指が通るのでいいのですが。　

夏なので、すっきり洗えて香りもいいので、家族にも好評です。"
2020-09-08,5,"ゲストさん"" ","
","
",実用品・普段使い,家族へ,"
","
",子供が大変気に入って使っています(^^)
2020-09-08,4,"ゲストさん"" ","
","
",実用品・普段使い,家族へ,はじめて,冷涼感がクセになる,チャコールクレンズのセットを購入しました。テクスチャーはぷるんとして固めです。洗ってみて、なるほどと思いました。マッサージしながら洗ってみると、泡が固くてしっかりしているので、頭皮と髪にとどまっていつまでマッサージしていられる感じです。洗い流した後は本当にスッキリとした冷涼感です。星が4つなのは、洗い上がりがサラサラしないからです。でも、トリートメントをすればサラッサラになるので大丈夫です。9月になってから購入しましたが、まだまだ暑いのでこの冷涼感は家族みんなに大好評でした。
2020-09-08,2,"ゲストさん"" ","
","
",実用品・普段使い,自分用,はじめて,シャンプー ＜ コンディショナー,"商品の香り好きです。　

ただ、本当にシャンプー後ごわつきます。当方、短髪男性ですがシャンプー後にコンディショナーを付けないと指が通りません。コンディショナーの減りがシャンプーよりも早いのは人生初ですね。　

リピートはないかな。香りは好きだから残念。"
2020-09-08,3,"ゲストさん"" ","
","
","
","
","
","
","頭皮の汚れが気になっていたのと、　

夏用に爽快感・・と思い、試してみました。　

結果・・　

私には合いませんでした。シャンプーがきしみます。　

ダメージケアに戻して、補修・・します。"
2020-09-07,5,"""楽天にゃんころさん"" ",https://review.rakuten.co.jp/my/OWFjMWEwM2QxNWE5NmY_/1.0.0.1/,40代 女性,"
","
","
","
","とてもお得だと思ったので購入しました。　

シャンプー後きしみますが、トリートメントすればなめらかになります。"
2020-09-06,2,"ゲストさん"" ","
","
",実用品・普段使い,自分用,リピート,"
","チャコールクレンズを購入しました。　

暑い時期にはスーっとして気持ちが良いですが残念ながらキシみます。"
2020-09-05,5,"ゲストさん"" ","
","
",プレゼント,家族へ,リピート,誕生日プレゼント,昨年も購入し喜ばれましたのでリピートです。
2020-09-05,3,"""鱈子ちゃんさん"" ",https://review.rakuten.co.jp/my/ZDg0Njg2MjcyYTdkNTg_/1.0.0.1/,40代 女性,実用品・普段使い,自分用,"
","
",シャンプーの泡立ちが悪いが、メントールのおかげで可。トリートメントの触感は良。仕上がりは固めで、サラサラ感なし。リピートはなしかな。
2020-09-03,5,"ゲストさん"" ","
","
",実用品・普段使い,自分用,はじめて,"
","チャコール（炭）の粒が髪と地肌の毛穴の中汚れを吸着してくれて　

洗い上がりすっきりです。　

保湿成分もしっかり配合されていて、手触りが良くなりました。"
2020-09-02,4,"ゲストさん"" ","
","
","
","
","
","
",まだ使用していないので期待感で星4つです。
2020-09-01,5,"ゲストさん"" ","
","
","
","
","
",スッキリです。,この季節にはスッキリできていいと思います。シャンプーがきしむ感じがしますが、トリートメントをするとサラサラになります。
2020-08-31,4,"ゲストさん"" ","
","
",実用品・普段使い,家族へ,リピート,"
",思春期の子ども用に購入。髪がベタつかないスカルプタイプ。コンディショナーはツヤが出なくてイマイチかなと思いますがシャンプーがあっているみたいなので続けてます。
2020-08-31,5,"ゲストさん"" ","
","
","
","
","
","
",いつも使ってます、このタイプは初めてですが。
2020-08-29,5,"ゲストさん"" ","
","
",実用品・普段使い,自分用,はじめて,"
","数年前からずっとサラサラタイプとしっとりタイプを使用していましたが、加齢による体質変化のためか痒みやフケが酷くなり薬用シャンプー に切り替えていました。　

今回スカルプのチャコールを試してみたらスッキリするし痒みもフケもなくなったので舞い戻りです。　

シャンプーはかなり粘度が高く、髪も軋みますがトリートメントで落ち着きます。　

ロングなので少し大変ですが、この暑さでも痒みも出ないしスッキリするし助かっています。"
2020-08-28,5,"ゲストさん"" ","
","
",実用品・普段使い,自分用,はじめて,頭皮のにおい,"頭皮の臭いが気になったので購入してみました。　

いいような気がしています…　

とても汗かきなので色々試しております。　

髪を予洗いしてシャンプーも頭皮にのせたまま少し時間をおいています。　

スースー感も夏ならではです。　

匂いも爽やかな匂いです。"
2020-08-26,5,"ゲストさん"" ","
","
","
","
","
",クール感が気持ちいい！,チャコールクレンズセット期間限定特価！で購入しました。夏場は仕事帰りの夕方になると頭皮が汗臭くなるのが気になっていました。やっと巡り合いました。7月から使い始めて一度も匂いません！頭皮をマッサージしながらシャンプーしていくと泡立ちが良くなります。きしみはトリートメントで解消されてサラサラになります。夏はクール感が気持ちイイ。頭皮が柔らかくなったような感じがします。香りが残らないのが残念です。
2020-08-26,5,"ゲストさん"" ","
","
","
","
","
",頭皮スッキリ♪,"店頭で買うと高いですが、ここは送料込みでとても安く買うことが出来ます！　

使用感…シャンプーの泡立ちは悪いけど、香りがよく頭皮がスッキリします。シャンプーだけではギシギシしますが、同シリーズのトリートメントをすることで柔らかくサラサラな髪になりました。　

他メーカーのスカルプ商品は抜け毛が酷かったですが、このシャンプーは大丈夫でした！　

しばらく使い続けてみたいです^^"
2020-08-26,5,"ゲストさん"" ","
","
",実用品・普段使い,自分用,はじめて,"
",以前より気になっていたｼｬﾝﾌﾟｰがお買い得で購入しました。ﾊﾟｰﾏとｶﾗｰﾘﾝｸﾞで髪の傷みをなんとかしたいと思い、細かい泡立ちで髪に優しい洗い上がりです。ｼﾘｰｽﾞの中で色々な種類があるので、お得な時にﾘﾋﾟしてためしてみたいです。
2020-08-26,5,"ゲストさん"" ","
","
",実用品・普段使い,自分用,リピート,頭皮スッキリ,"リピ購入です。　

程よくスーっとしてすっきりな洗い上がりです。　

香りもパッケージも大好きです(^-^)"
2020-08-25,4,"""Kazu1267さん"" ",https://review.rakuten.co.jp/my/MTdhNGIwMDk0MjlmYWExYg__/1.0.0.1/,40代 女性,実用品・普段使い,自分用,はじめて,"
","頭皮の痒みと臭いが5月位から9月位まで毎年気になり、今までいろいろなシャンプーを使って来ました。　

初めてBOTANISTのシャンプーを使いました。　

スカルプケアを使って数日ですけど、痒みはまだ余り良くなりません。　

シャンプーの後、きしみがありますけど、トリートメントすれば問題ないです。　

乾かすと、さらさらになり、翌朝の寝癖も気になりませんでした。　

香りもいいので、暫く使い続けてみて良ければ季節に合わせて他のタイプも使ってみようと思います。"
2020-08-24,5,"ゲストさん"" ","
","
",実用品・普段使い,自分用,はじめて,"
","お買い得価格だったので買ってみました。　

洗い上がりもサッパリで、さすがスカルプケアタイプ。　

香りもよいです。"
2020-08-24,5,"ゲストさん"" ","
","
",実用品・普段使い,自分用,リピート,"
",普段はスムースタイプを使用していますが、今回のスカルプケアタイプも良かったです。香りもライムで爽やかです、
2020-08-24,4,"ゲストさん"" ","
","
",実用品・普段使い,自分用,はじめて,さっぱりする,"クーポンで安く買えて良かったです。　

地肌がべたつくので購入しました。　

使い心地は、地肌がさっぱりして気に入りました。　

夏向きですね。　

モイストを以前使っていたのですが、それに比べるとややパサつきがあります。　

が、私はきにならない程度です。"
2020-08-23,1,"ゲストさん"" ","
","
","
","
","
","
",チャコールクレンズを使い続けて1週間後あたりからアレルギーが出ました。大学病院に通って治療しています。オススメできません。
2020-08-23,2,"""☆マキ★さん"" ",https://review.rakuten.co.jp/my/ZjQ4YjQ5NDExZDVkNDg_/1.0.0.1/,40代 女性,実用品・普段使い,自分用,はじめて,"
","髪の毛は腰まであって結構ボリュームのあるロングヘアです。　

頭皮の匂いが気になってる事と２本で約￥2.000だったので購入しました。　

シャンプーのテクスチャーがとてつもなく重く、普通のボタニカルシャンプーはロングの私でも２プッシュで済むのに此方は５プッシュくらいしないと中々泡立ってくれないというか全体にまわりませんでした…。　

しかもかなりギシギシになります。（ギシギシはコンディショナーで解決）　

冷涼感は凄く良いのですが、４種類の香りが混ざって使い始めは気持ち悪くなっちゃったけど何とか慣れてきたので最後まで我慢して使おうと思ってます。　

頭皮のニオイを気しなくなった！…という感じは無いです。　

今の所、3/1は使ってるけど洗い上がりのクール感だけで使ってます。　

シャンプーとコンディショナー２つとも冷涼感はあります。"
2020-08-22,2,"ゲストさん"" ","
","
",実用品・普段使い,自分用,はじめて,"
",スカルプケアということで頭皮の洗い上がりはいいのですが、洗い流す際毛先がギシギシするし乾かした後も毛先はパサパサになるのが残念でした。
2020-08-22,5,"""yumiko_さん"" ",https://review.rakuten.co.jp/my/ZGQxN2VjNzY4ZmRh/1.0.0.1/,40代 女性,実用品・普段使い,自分用,はじめて,さっぱりしてすごく良い！,少し泡立ちは悪いですが、洗ったあとにすごくさっぱりするので、夏など汗をかく季節には良いです。
2020-08-20,5,"ゲストさん"" ","
","
",実用品・普段使い,家族へ,リピート,"
","60代の母親に頼まれて、購入しました。　

こちらのシャンプーを使用して、頭皮の状態が良いそうです。　

お買い得なセットでよかったです。"
2020-08-19,5,"ゲストさん"" ","
","
",実用品・普段使い,自分用,はじめて,"
",初めて使用します。最近汗がひどいので地肌の匂いが気になり購入しました。迅速に対応して頂きましてありがとうございます。
2020-08-18,5,"""Jennyjpさん"" ",https://review.rakuten.co.jp/my/YjFmOGNhOTc3OTc2ODQxZQ__/1.0.0.1/,20代 女性,実用品・普段使い,自分用,はじめて,安いです,安くて買えてよかったです。BOTANISTに興味を持っている人におすすめです。
2020-08-18,5,"""jeffakkoさん"" ",https://review.rakuten.co.jp/my/NzlkNGRkMWVmM2EwNmIxNw__/1.0.0.1/,40代 男性,実用品・普段使い,家族へ,リピート,ここずっとbotanist,シャンプーとコンディショナーセットで大特価でした。ちょっとす〜っとして夏にはいいですね。シャンプーの後に髪がきしむけどコンディショナーでしっとり整います。
2020-08-17,5,"ゲストさん"" ","
","
",実用品・普段使い,自分用,はじめて,"
","この時期にぴったりな爽快感です。　

リピートしました。"
2020-08-16,4,"ゲストさん"" ","
","
",実用品・普段使い,自分用,リピート,"
","夏にピッタリ、清涼感が気持ちいい　

ただ、トリートメントが時間がたつにつれて水っぽくなってきた。"
2020-08-15,5,"""アッシュちゃん1217さん"" ",https://review.rakuten.co.jp/my/NzU4MWM3ZmY4OGViYzk_/1.0.0.1/,30代 女性,実用品・普段使い,自分用,はじめて,"
",ふんわりさらさらになり、においも爽やかで子供も夫も気に入ってくれました！
2020-08-15,5,"""BAZZDCTさん"" ",https://review.rakuten.co.jp/my/NTY4NTJlYWNkYzBiODM_/1.0.0.1/,30代 女性,"
",自分用,"
","
","ボタニカルシリーズは大好きで安心できます。　

夏に頭皮をすっきりさせたく購入しました。"
2020-08-14,5,"""billie426さん"" ",https://review.rakuten.co.jp/my/ZjNkMzYxODRlODIxODI_/1.0.0.1/,40代 女性,実用品・普段使い,自分用,はじめて,さらさらが続く仕上がり,真っ黒なシャンプーに驚きました。頭皮の洗い心地は程よいスッキリ感で、全体的には少しきしむ感じもありました。でも、トリートメントを使うとサラサラになります。一日中さらさらが続いたのでビックリしました。頭皮のベタつきも気にならなくなりました。
2020-08-14,5,"ゲストさん"" ","
","
",実用品・普段使い,家族へ,はじめて,地肌すっきり,長年ボタニストを愛用していますが、このチャコールクレンズスカルプケアセットは初めて使います。大特価とのことで試してみました。もしかしたら男子用なのかもしれませんが、今の季節、清涼感があり、地肌をすっきり洗い上げることができるこのセットはありがたかったです。
2020-08-12,5,"ゲストさん"" ","
","
",実用品・普段使い,家族へ,はじめて,"
",使っているものなので、安く購入できて満足しています。
2020-08-11,5,"""かまぁちゃんさん"" ",https://review.rakuten.co.jp/my/NTM2YzY4NmI2NjQ0MzY_/1.0.0.1/,40代 女性,"
","
","
","
",夏にいいと思います。もう少しミント感があってもいいくらいです。
2020-08-10,4,"ゲストさん"" ","
","
",実用品・普段使い,家族へ,はじめて,皮脂汚れは根こそぎ。,泡立ちはあまり良くないが、皮脂汚れは根こそぎ取ってくれてる（ような気がする）くらいのさっぱり感はある。トリートメントでケアが必須。個人的には香りが好き。
2020-08-09,5,"ゲストさん"" ","
","
",実用品・普段使い,自分用,はじめて,"
",チャコールクレンズを購入。スッキリさっぱりで清涼感が良い。ただ、シャンプー後はギシギシなるけど、コンディショナーをするとサラサラになります。
2020-08-09,4,"""erin0460さん"" ",https://review.rakuten.co.jp/my/YjBkMThjZmExMTMyNTAxYw__/1.0.0.1/,30代 女性,"
","
","
",夏にピッタリ！,"地肌から綺麗に洗いたいと思い購入しました。　

清涼感があって、とてもいいです！　

シャンプー後は少しギシギシしますが、トリートメントをつけたらサラサラになります。　

個人的には、もう少し清涼感が強ければ5でした。"
2020-08-08,5,"ゲストさん"" ","
","
",実用品・普段使い,自分用,リピート,数年間リピート,いつもリピートしており、今回も早くに商品が届きました。
2020-08-08,5,"""hecopaさん"" ",https://review.rakuten.co.jp/my/ODM2N2U3YjMxMmI4NjM_/1.0.0.1/,50代 女性,実用品・普段使い,自分用,はじめて,リピ買い決定,はじめは泡立ちが悪いなと思いながらゴシゴシしていると泡が立ち頭皮がス〜っとして気持ちがよいです。欲を言えば頭皮のひんやりがもっと続けばいいのになと思いました。夏にはもってこい&amp;#8252;リピ買い決定&amp;#8252;
2020-08-08,4,"ゲストさん"" ","
","
","
","
","
","
","シャンプーのほうは洗うと少しきしみを感じるけど、トリートメントをしっかり馴染ませれば洗い上がりはきしみません。　

スカルプ商品というだけあって、洗うと頭皮がスッキリして気持ちいいです。　

暑くてベタつくなつにはぴったりの商品です。　

香りは控えめで少し物足りないけど、香り自体はいい香りです。"
2020-08-07,4,"""ピーナッツ１０さん"" ",https://review.rakuten.co.jp/my/Mzk5NTE4ZGEwZmE1MjAxOQ__/1.0.0.1/,60代 女性,実用品・普段使い,自分用,リピート,ふんわり、すっきり,"頭皮がスッキリします。　

ただシャンプーは髪の毛がきしむので優しく洗うのがおすすめです。　

私はショートだからいいですがロングの人はおすすめしません。　

トリートメントは多目につけるとサラサラになります。　

翌朝の髪の毛の立ち具合もふんわりしていいです。"
2020-08-06,5,"ゲストさん"" ","
","
","
","
","
","
","商品届きました　

すぐ届いたのでさっそく使いました　

とてもいいです"
2020-08-06,5,"""ちー０７１３さん"" ",https://review.rakuten.co.jp/my/YjI0ZjBiOWNkNTQ3NTQ_/1.0.0.1/,30代 女性,実用品・普段使い,家族へ,リピート,いつもの☆,いつもスカルプ使っているので、お得に買えて良かったです(*^ー^)ノ♪また利用させて頂きます♪
2020-08-06,4,"ゲストさん"" ","
","
","
","
","
","
","商品到着も早く、香りも良かったです。　

想像してたより髪も軋みませんでした。"
2020-08-05,4,"ゲストさん"" ","
","
",実用品・普段使い,自分用,はじめて,"
",値段も安く、購入しやすいです。チャコールより、ジャンプーできしまないですが、スッキリ間は、減ります。
2020-08-05,3,"ゲストさん"" ","
","
","
","
","
",まっくろ！,"いつもはスムースも購入しています。　

香りはあんまりしない？　

トリートメントが軋むけどスカルプケアだからしょうがないのかな？　

効果はまだわかりませんが、夏の間使ってみようと思います。"
2020-08-05,4,"""ｈｓ19681106さん"" ",https://review.rakuten.co.jp/my/ZDZjNjk3YWUyYWEwNDgxYw__/1.0.0.1/,50代 男性,実用品・普段使い,家族へ,はじめて,"
","だいぶ安ったので購入しました。　

初めて使うとシャンプー直後は髪の毛がキシむと感じると思いますが、リンス後はだいぶ緩和されるので大丈夫だと思います。それでも気になる方はトリートメントをしてみてください。"
2020-08-05,5,"ゲストさん"" ","
","
",実用品・普段使い,自分用,はじめて,普段使いに,いつも定価で買っていたものがお安く買えて良かったです！また利用したいです。
2020-08-04,5,"""あおい1721さん"" ",https://review.rakuten.co.jp/my/MDBlMjQyZTAyZTIwNzgxOA__/1.0.0.1/,50代 女性,実用品・普段使い,自分用,はじめて,"
",他の方のレビューの様にシャンプー後はきしみますがコンディショナーすることで解消されます。メントールのスッキリ感も夏ピッタリです。しかも安くて満足しています。
2020-08-04,2,"""フィットネスマニアさん"" ",https://review.rakuten.co.jp/my/NzU0NjIxMzUyMWQ0/1.0.0.1/,50代 女性,"
","
","
","
",シャンプーの刺激が強いのか、目に入らなくても目が痛くなりました。髪の毛が軋むくらいの洗浄力があるので、結構毛が抜けます。トリートメントは良いですが、シャンプーが私には合わなかったようで残念です。やっぱりこういうのは試供品が無いときついですね・・・
2020-08-04,5,"ゲストさん"" ","
","
","
","
","
","
",チャコールクレンズは頭がスッキリ・クールな感じになり夏向きです。使用後の髪の落ち着きは、さすがボタニストシリーズ！
2020-08-03,5,"ゲストさん"" ","
","
","
","
","
","
","チャコールクレンズを買いました。私は匂いがとても好きです。　

普通のシャンプーを使うと1度では汚れが落とし切れず、朝にはもうシャンプーの匂いが消えてしまうのですがこちらは1度洗いで十分でシャンプーの匂いも残っていたので嬉しかったです。　

シャンプーの後はギシギシしますがトリートメントを使うとドライヤー前に洗い流さないトリートメント使わなくてもサラサラになります。　

コラージュフルフルの緑のものから乗り換えですが私には合っていたようです。　

あとシャンプーが真っ黒で楽しいです。"
2020-08-02,4,"""Pちゃん0720さん"" ",https://review.rakuten.co.jp/my/YTJiNjdlYzkzZGRhMmExMg__/1.0.0.1/,50代 女性,実用品・普段使い,自分用,リピート,サッパリして、しっとり,"シャンプーは洗い流す時かなりキシむけど、トリートメントをするとビックリするくらい 滑らかに！！　

地肌もスッキリして 暑い夏にはとってもいい！　

2セット買ったけど 余分にまて買おうかとも考えてます。"
2020-08-01,4,"ゲストさん"" ","
","
","
","
","
","
","いつも購入しています。　

今回は汗っかきの子供用に地肌ケアを購入しました。　

夏にピッタリで爽快感があります。　

結構強めの爽快感ですので、子供達は良いですが、私は寒いくらいです。"
2020-07-31,4,"""ｎｅｚ2427さん"" ",https://review.rakuten.co.jp/my/ODE5NTMxODg0MGRkMjIxOQ__/1.0.0.1/,50代 女性,"
",自分用,リピート,いいかも！,安くなっていたので買いました。半日で頭の匂いが気になるようになってきたので、今まで自分には関係ないと思っていましたがスカルプ系を試すことに。匂いも爽やかで、頭皮の匂いもあまり気にならなくなりました。ただボトルが白で中身の減りがわかりにくいので、透明にして欲しいです。
2020-07-30,4,"""russi-baroさん"" ",https://review.rakuten.co.jp/my/OWRmNmEyYzk0NDQ0MjE_/1.0.0.1/,40代 女性,実用品・普段使い,自分用,はじめて,使うのが楽しみ,"まだ使用してませんが、期待を込めて。チャコールはあまり近くで売ってないんです。　

使用してみて。シャンプー後は結構ギシギシ感はありますが、リンスをつければ大丈夫です。"
2020-07-30,2,"ゲストさん"" ","
","
","
","
","
","
","シャンプー後のキシキシ感がヒドイ。指も通らない程です・・・。　

必要な油分も全て奪われたかの様で、心配になります。　

トリートメント後はイイ感じでしたので、安心しましたが。　

シャンプー後だけ、好きになれません。一度使って見れば分かると思います。"
2020-07-30,4,"""KMC0915さん"" ",https://review.rakuten.co.jp/my/MTgxMjQxYmI5MDEzYjExZA__/1.0.0.1/,30代 男性,"
","
","
","
","また、注文したいと　

思います　

発送もはやかったです"
2020-07-30,5,"""楽天にゃんころさん"" ",https://review.rakuten.co.jp/my/OWFjMWEwM2QxNWE5NmY_/1.0.0.1/,40代 女性,"
","
","
","
","色が黒くてびっくりしました。もちろん問題ないです。　

お得に買えてよかったです。"
2020-07-28,5,"""おーのいーこさんさん"" ",https://review.rakuten.co.jp/my/MGI5MzZjMmY4Mzk5MjcxYQ__/1.0.0.1/,40代 女性,実用品・普段使い,親戚へ,はじめて,夏バージョン頭皮のケアに,頭皮のケアにスッキリを追加したいので購入してみた。お安くなっているのもあり試したいので即購入。香りよし、メンソールがよく効いている。
2020-07-26,2,"""moka717さん"" ",https://review.rakuten.co.jp/my/MzY0NjA0MTFiZTViNzA_/1.0.0.1/,30代 女性,"
","
","
","
","安いから、買ってみた！けど、髪がゴワゴワになってしまいます。同じボタニストなのに、、　

失敗しました。"
2020-07-26,5,"""得芽さん"" ",https://review.rakuten.co.jp/my/ZmJiNDFiNDE5MmQ3MzIxYg__/1.0.0.1/,20代 女性,実用品・普段使い,自分用,はじめて,お買い得だった,"ボトル1本分でセット購入できたのでとてもお得でした　

夏場は頭皮の汗や皮脂が気になるのでチャコールクレンズを購入しました。　

硬めのテクスチャーなので、2回シャンプーがおすすめです。　

程よい清涼感といい香りで気に入ってます"
2020-07-25,5,"""カムカグさん"" ",https://review.rakuten.co.jp/my/ZGMwY2QwMGZhOGU4OTIxZA__/1.0.0.1/,40代 女性,"
","
","
",この季節に最高,"最初使った時は、シャンプーがきしんで、使いにくいと、思ったのですが、リンスをして、びっくりしました。　

大げさじゃ無くて、こんなに、しっとり、指どうりもよくて、お風呂上がりに、寝るまでずっと、無意識に触っていました。娘に止められるまで。後さっぱり感が最高でした。"
2020-07-25,5,"ゲストさん"" ","
","
",実用品・普段使い,家族へ,リピート,"
","頭皮がすっきりして　

お気に入りです。　

髪は軋みますが　

トリートメントすれば大丈夫です。"
2020-07-24,4,"ゲストさん"" ","
","
",実用品・普段使い,自分用,リピート,"
",チャコールを購入しました。ジャンプーを洗い流すとかなりきしみますが、トリートメントでさらさらになります。汗をかいたあとなどは、スッキリして良いと思います。
2020-07-24,5,"ゲストさん"" ","
","
",実用品・普段使い,自分用,はじめて,おすすめ,すごくお得な買い物だと思います。地肌スッキリするし、香りもいいです。またこのショップ利用したいです。
2020-07-23,5,"ゲストさん"" ","
","
",実用品・普段使い,自分用,はじめて,"
","このシャンプー香りもいいし、パサパサしないのがお気に入りです。　

使ったことないシリーズを購入。　

早く使いたいなー。"
2020-07-23,5,"ゲストさん"" ","
","
",実用品・普段使い,自分用,はじめて,チャコールクレンズ購入,送料かからずかなりお安く買えて嬉しかったです。また追加購入したいと思います(^-^)
2020-07-21,4,"""はれぞさん"" ",https://review.rakuten.co.jp/my/ZDkzYjdmYzY5MGQ5YTExNw__/1.0.0.1/,"</span>
                            <span>購入者","
","
","
","
","軽くスースーして気持ち良いです。　

洗い上がりはさっぱりしていて 少しパサつくのでコンディショナーはしっかりつけるようにしています。　

シャンプーは黒 コンディショナーはグレーなのでより炭の気分を味わえます。"
2020-07-20,5,"ゲストさん"" ","
","
","
","
","
","
","チャコールクレンズ、ひんやりするので気持ち良いです。　

シャンプーだけだとキシみますが、トリートメントすれば問題ないです。"
2020-07-20,3,"ゲストさん"" ","
","
",実用品・普段使い,自分用,はじめて,"
","初めて購入。　

シャンプーはきしみますが、トリートメントすれば大丈夫でした。　

清涼感があるので夏場にはいいと思います。"
2020-07-18,4,"ゲストさん"" ","
","
","
",自分用,"
","
",普段はサロン専売シャンプーを使用しています。お安くなっていたので試しにチャコールクレンズを購入しました。シャンプー後のキシみがあるので★4つにしましたが、香りも長続きし、地肌もサラっとして気持ち良いです。トリートメントもサラサラ系で気に入りました。夫も気に入っています。お安くなっていたらリピートしようと思います。
2020-07-17,4,"""pouryou138さん"" ",https://review.rakuten.co.jp/my/NzMxNmQ4NjU5NjIz/1.0.0.1/,30代 女性,実用品・普段使い,自分用,はじめて,頭皮のスキンケアに,シャンプーは泡立ちが少なく、すすぐときしみますが、トリートメントした後は滑らかに感じます。どこよりもお得に購入できて良かったです。
2020-07-17,4,"""かっこ8470さん"" ",https://review.rakuten.co.jp/my/MTJkOGI3YmQzNzQzYTAxMQ__/1.0.0.1/,"</span>
                            <span>購入者","
","
","
","
","洗い流しにキシキシしますがリンスを使えばサラサラに。頭皮スッキリして良いです　

発送の連絡も早くて良かったです"
2020-07-17,5,"ゲストさん"" ","
","
",実用品・普段使い,子供へ,リピート,かゆみがなくなりました,敏感肌の娘が頭皮のかゆみもなく、続けて使っております。シャンプーはキシキシ感が多少あってもトリートメントで補えるようです。
2020-07-15,4,"ゲストさん"" ","
","
","
","
","
","
","以前から気になっていたボタニカルのシャンプー　

スカルプケアでデビューしました。　

香りもまずまず。　

レビューで読んだ通り、シャンプー後はギシギシしますがコンディショナーを使用するとサラッとします。気になっていた頭皮の匂いも気にならなくなりました。あと、私は髪に纏まりが出た気がします。"
2020-07-15,5,"""じゃんすたさん"" ",https://review.rakuten.co.jp/my/NWYxOGM3MDhkZmI5M2YxMw__/1.0.0.1/,30代 男性,実用品・普段使い,自分用,はじめて,"
","商品は直ぐに届きました　

こんなにお安く購入できてよかったです　

また購入したいです"
2020-07-15,4,"ゲストさん"" ","
","
",実用品・普段使い,自分用,はじめて,"
","まだ、使っていないので　

星4つですが、ボタニストが　

お安く購入できて良かったです！"
2020-07-13,4,"""gunsachi06さん"" ",https://review.rakuten.co.jp/my/NTQ1NDBjOWQ5NWZlOWIxNQ__/1.0.0.1/,40代 女性,実用品・普段使い,自分用,はじめて,髪や頭皮を大切にしたいから。,年齢を重ね、髪や頭皮に良さそうだったので購入しました。お値段もお手頃で香りも爽やかな感じで良かったですよ。
2020-07-13,3,"""ましゅまろん8718さん"" ",https://review.rakuten.co.jp/my/ZmUyMzEyYzRmZGU5NDYxOA__/1.0.0.1/,50代 女性,実用品・普段使い,自分用,はじめて,どうかなぁ？,"他のシャンプーに比べて、ねっとり感が強いなと思いましたね。泡立ちも若干悪いような？　

匂いは、夏向けのサッパリした感じです。　

シャンプーとリンスの２本セットで一本の値段でお得だったので購入したけど、定価なら買いません。ごめんなさい(笑)"
2020-07-12,4,"ゲストさん"" ","
","
",実用品・普段使い,自分用,はじめて,割といいです,"チャコールのシャンプーとトリートメントのセットでとてもお得なお値段でした。　

他の方が言うように、シャンプーの泡立ちは悪く、洗い流した後はきしみます。　

トリートメントをしっかりつけ時間をおいた後洗い流せば指通りも良く、乾かした後はサラッとします。　

香りが好きです。数日に一度使用しようかな。"
2020-07-12,5,"""ichiro edogawaさん"" ",https://review.rakuten.co.jp/my/ZWM5M2QzMDRmNDI0OTExYg__/1.0.0.1/,60代 男性,実用品・普段使い,自分用,リピート,このセットこの価格次回も期待します。,"２回目購入です。トリートメントは今まであまり使ったことなく、セットでこの価格は魅力です。　

このセットでこの価格助かります。"
2020-07-10,5,"""なるじろうさんさん"" ",https://review.rakuten.co.jp/my/YjA1NGNhMzQzZGI3NmY_/1.0.0.1/,40代 男性,実用品・普段使い,自分用,はじめて,"
",ちょっと配送は遅かったですが、商品には大満足です、ありがとうございました。
2020-07-10,5,"""ぽっかぽか4843さん"" ",https://review.rakuten.co.jp/my/ZGY5MTY3YzE2NzQ5OGExZA__/1.0.0.1/,50代 女性,"
",自分用,"
","
","お安くなっていたので購入させて頂きました。　

梱包が綺麗で迅速な対応で大変満足致しました。　

また注文させて頂きます。"
2020-07-10,5,"""なおりん303さん"" ",https://review.rakuten.co.jp/my/ZDg1ZWVkNDIwNjVkNTM_/1.0.0.1/,50代 女性,実用品・普段使い,自分用,リピート,安い,"シャンプー、トリートメントセットでの大特価！　

市販の一本分の価格でセット購入出来るなんて、大変ありがたいです！　

また購入させて頂きます！"
2020-07-09,3,"ゲストさん"" ","
","
",実用品・普段使い,自分用,はじめて,香りはいいが髪がきしむ,今回半額の価格で購入出来たためお試し感覚でスカルプを購入。香りは柑橘系でさっぱりした感じはありますが、髪のきしみが気になります。
2020-07-08,5,"ゲストさん"" ","
","
","
","
","
","
","スーっとした洗い心地で気持ちがいいです。　

しばらく使ってみようと思います。"
2020-07-07,5,"""あぶあぶ1635さん"" ",https://review.rakuten.co.jp/my/OGNkMjY2MzQ2ZmRhMjQxYQ__/1.0.0.1/,40代 女性,実用品・普段使い,自分用,リピート,"
",ほんとに大特価！！お試しで使ってみたかったので安く購入できてよかったです。
2020-07-05,4,"ゲストさん"" ","
","
","
",自分用,はじめて,初購入です,"話題のボタニカル試してみたくて半額なら…とスカルプ購入。　

くせ毛なのでもう少し広がりを抑えて潤いがあればもっと嬉しかったけど、手触りは最高です！めちゃ柔らかいしサラサラになります。あと泡立ちが抜群！一瞬できめ細かい泡がモコモコたつので洗った感あります。　

香りはいいけど、無臭好きな私には少しキツめに感じるかな。"
2020-07-05,4,"ゲストさん"" ","
","
",実用品・普段使い,家族へ,はじめて,さっぱりします,"洗ったあとさっぱりして、香りもいいです。　

いいものが凄く安く買えて 良かったです。"
2020-07-04,5,"""norimakihiromiさん"" ",https://review.rakuten.co.jp/my/MTA4MjE3MTI0MDJiOWY_/1.0.0.1/,50代 女性,実用品・普段使い,家族へ,リピート,"
","我が家の男3人、主人と息子二人が愛用していてリピートです。私も1度使ってみたところ爽快感が半端なくスカーっと気持ち良かったです。　

夏場にはお勧めです！我が家は年中使用してますが。　

地肌がスッキリするので地肌の臭いなど気になる方、薄毛の主人はお気に入りです。　

今回は、二本で価格がお安くなっていたので買い溜めしました。"
2020-07-04,4,"""chachamal6624さん"" ",https://review.rakuten.co.jp/my/NDNmNWFlNTJlNzg4NGQxZg__/1.0.0.1/,50代 男性,"
","
","
","
",娘たちが使っています。お手頃価格で、良かったです。
2020-07-03,5,"""★加奈★さん"" ",https://review.rakuten.co.jp/my/Y2Q4ZjJiYTllODE4/1.0.0.1/,40代 女性,実用品・普段使い,家族へ,リピート,スミのシャンプーいい感じ！,"頭皮がとてもいい感じで助かってます。　

父の日の半額セールで2セット買いました。　

夏には欠かせません！"
2020-07-03,5,"""RRR1771さん"" ",https://review.rakuten.co.jp/my/N2RjNzNhMTJkZWU1NjcxYw__/1.0.0.1/,40代 女性,"
","
","
",お気に入り,"汗をかいた日に使用するとスッキリとして気持ちが良いです。　

格安で買えて満足です。"
2020-07-03,5,"ゲストさん"" ","
","
",実用品・普段使い,家族へ,はじめて,"
","大特価でありがたいです。　

発送も早く使うのがとても楽しみです。"
2020-07-03,4,"""みーた&amp;しっぽさん"" ",https://review.rakuten.co.jp/my/NzU0MmIwM2U1YzQ3OWMxYQ__/1.0.0.1/,50代 女性,実用品・普段使い,自分用,"
","
","自分用に買ってみました。しっかり頭皮を洗浄できるので、スタイリング剤などを使っている方にはお勧めです。男性用シャンプーのように刺激の強いメンソールではなく、洗い上がりはさっぱりします。　

香りは、昔、父が使っていたヘアートニックに似ていました。　

今後、爽やかな柑橘系の香りがあれば嬉しいです。"
2020-07-02,5,"""hiyoko0112さん"" ",https://review.rakuten.co.jp/my/ODY4MDYyM2UyMGJiYTIxZQ__/1.0.0.1/,50代 女性,"
",家族へ,リピート,プレゼント,"日頃多忙な家族へのプレゼントで買いました。とても喜んでもらえました。ラッピングもいつも有難うございます(^ ^)又よろしくお願い致します。　

昨年出会ったこちらのシャンプー等とても良くてずっと使っています。"
2020-07-02,5,"""exあっちゃんloveさん"" ",https://review.rakuten.co.jp/my/ZDg1Y2Q5ZTNhMzE1NDExOQ__/1.0.0.1/,50代 女性,実用品・普段使い,自分用,リピート,"
","頭皮に悩みがあったのですが　

このシャンプーにしてからなおりました"
2020-07-01,4,"""ミトラスさん"" ",https://review.rakuten.co.jp/my/MWM3NTA0MzNmN2Zk/1.0.0.1/,50代 女性,"
","
","
",初めてのボタニストに感激！,"Youtubeの動画で現役美容師さんが、ボタニストのシャンプーの紹介をしていたこともあり、またドラッグストア等でもボタニストのシャンプーを見かけていたものの、お高めな価格ということもあり、敬遠していた。　

自分としては、ノンシリコンかつさっぱり洗いあがるものが好みだったこともあり、セットで購入。　

シャンプーはきしみ感はあるが、気になるものでもなかったし、すっきり洗いあがるので好みではある。　

トリートメントもノンシリコンだが、ワセリンが配合されているためか髪が保護されているような感じ。　

香りも柑橘系で、自分が好きな香りだ。　

男性にもお勧めだし、メントール配合なので夏にすっきりしたあらい上がりのシャンプー等が欲しいという場合にうってつけ。　

自分としては使い心地等満足なので、星4つとした。"
2020-06-29,2,"""aika0402さん"" ",https://review.rakuten.co.jp/my/N2IxMjRlNzhkYjZiMzc_/1.0.0.1/,40代 女性,"
","
","
","
","シャンプーの時からキシキシしてしまいます。　

こんなに髪がパサパサになるボタニストは初めてです。"
2020-06-26,5,"ゲストさん"" ","
","
",実用品・普段使い,自分用,はじめて,"
",使っているチャコールクレンズがお安く買えて大満足です！夏は頭皮がスッキリして気持ちいいです。シャンプー後は髪がきしみますが、トリートメントでサラサラになるので問題なしです。夏にはオススメです。
2020-06-25,4,"ゲストさん"" ","
","
",実用品・普段使い,家族へ,はじめて,良いです。,"すぐに届きました。　

BOTANISTを試してみたかったので購入。　

いい香り&amp;#9825;　

子供達は気に入っています。　

シャンプー後のキシミは、結構ありますが、トリートメントをするとサラサラになります。　

が、中年の私には潤いが少し足らないかなと思いました。"
2020-06-24,5,"ゲストさん"" ","
","
",実用品・普段使い,自分用,はじめて,"
","以前この商品が気になって試しに買ってみたのですが、香りといい、使用感といい非常に気に入りました。　

で、シャンプーとコンディショナーを1本ずつ別々に普通に購入したのですが、2本セットで1本分の値段の物があったのを今更気づき、「そんなのがあるのならはじめから…」と思いつつストックとして購入しました。"
2020-06-24,4,"""ミチぽん5250さん"" ",https://review.rakuten.co.jp/my/NzEwMTY1OGMzZTU1/1.0.0.1/,40代 女性,"
",自分用,"
",いいです！,シャンプーした後は少し髪がきしむ感じがしますが、トリートメントでサラサラになります。頭皮もスッキリするので、リピートしました。
2020-06-24,5,"""犬と散歩中さん"" ",https://review.rakuten.co.jp/my/NWY5YjkwZmI1OGFiODQ_/1.0.0.1/,40代 女性,実用品・普段使い,自分用,リピート,"
",暑い夏にピッタリな使い心地でした。髪の毛の乾きも早く、匂いも良いです。
2020-06-20,4,"""mko0さん"" ",https://review.rakuten.co.jp/my/NzQ3N2ZmZWRlNTQ0NWE_/1.0.0.1/,30代 男性,"
","
","
","
","シャンプーだけだとキシキシしちゃいますが、コンディショナーがあると大丈夫そうです。　

洗い上がりサッパリでいいと思います。"
2020-06-17,1,"""ぶー2013さん"" ",https://review.rakuten.co.jp/my/MGFmNDY2MGZhNjgxYWYxMw__/1.0.0.1/,40代 女性,"
","
","
","
","シャンプーの泡立ちが悪すぎて、使いにくいです。　

届くのは、とても早くて良かったです。"
2020-06-16,5,"""ミフィー8828さん"" ",https://review.rakuten.co.jp/my/MTQ3OGY0MDVlOGQ1YWYxZA__/1.0.0.1/,30代 女性,"
","
","
","
",ボタニストはどれも良いですが、特にチャコールが凄く良いです。
2020-06-16,3,"ゲストさん"" ","
","
","
","
","
","
","うちの男性たち用に購入しました。　

すーっとして、気持ちいいようです"
2020-06-16,5,"ゲストさん"" ","
","
","
","
","
",脱臭力,"えり足のミドル臭が気になるくせ毛軟毛。　

臭い対策で男性ミドル臭対応シャンプーを使っていたけれど、チャコールクレンズは洗浄力は強くないものの炭のおかげか脱臭力がすごい！　

更年期のおばさんは、油はそれほど出ない割に臭いので、もうチャコールクレンズ以外使えない、というほど気に入りました。　

シャンプー自体の香りも癒される。"
2020-06-11,4,"ゲストさん"" ","
","
","
","
","
","
",シャンプーの泡立ちが良く頭皮がとてもきれいになるように感じます。すすいだ後に髪がキシキシになってしまいますがコンディショナーでサラサラになります。
2020-06-10,5,"""kuraさんさん"" ",https://review.rakuten.co.jp/my/NGUwOWM1YzdmNDIw/1.0.0.1/,40代 男性,実用品・普段使い,自分用,"
","
",チャコールクレンズを今回購入しました。清涼感があり、夏にピッタリのシャンプーだと思います。
2020-06-10,5,"ゲストさん"" ","
","
",実用品・普段使い,自分用,はじめて,昨夏買えなかったから,"昨年の夏買いそびれたので今回買えました。　

汗ばむ毎日に使わせて頂きます。こちらのシャンプートリートメントのとりこになり1年過ぎました。髪にホント良いです。"
2020-06-09,4,"ゲストさん"" ","
","
",実用品・普段使い,自分用,はじめて,リピしたい,シャンプーをしたあと髪がきしんだようになるけれどトリートメントをすればサラサラになる。洗い上がりはスッキリさっぱりで夏にちょうどいいと思う。
2020-06-08,4,"""もなへぇーさん"" ",https://review.rakuten.co.jp/my/YTIyNDcwZDM2YTMwYmIxNw__/1.0.0.1/,40代 男性,"
","
","
","
","スッキリ爽快な気分になりました　

今年の夏はこれで良いと思います"
2020-06-03,5,"ゲストさん"" ","
","
",実用品・普段使い,自分用,はじめて,"
",初めて 使ってみます ほかのボタニカルも 注文したので 比較しようと思います この夏は 楽しみです
2020-05-30,4,"""スポーツ母ちゃんさん"" ",https://review.rakuten.co.jp/my/ZTIyN2I5NzkzMzkyMzQxOA__/1.0.0.1/,50代 女性,実用品・普段使い,自分用,リピート,頭皮スッキリ,"メントール入りで頭皮がスッキリと言うことで夏用に購入しました。グレープフルーツの香りがもう少し勝っていて欲しかったのと レビューにあった様に泡立ちが少ないのと シャンプーを流した後の髪のキシキシ感が凄かったので星−1です。　

でもトリートメントをしたらサラサラ。次の日もサラサラだったので気に入りました。"
2020-05-28,4,"""わんわん029さん"" ",https://review.rakuten.co.jp/my/MzZiOGEwOTU4OTc0ODI_/1.0.0.1/,70代以上 女性,実用品・普段使い,自分用,はじめて,泥！！なのか？？,見て、ビックリ！！真っ黒です。今夜使います。
2020-05-27,5,"""アイちゃん大好きさん"" ",https://review.rakuten.co.jp/my/NzcxMDI1YzU2NWViODYxMA__/1.0.0.1/,50代 女性,実用品・普段使い,子供へ,リピート,"
","外回りの仕事をしている息子に買いました。　

このシャンプーで スッキリ汚れを落として欲しいです。"
2020-05-26,4,"""みぎめ0307さん"" ",https://review.rakuten.co.jp/my/OTA1MjgxMzU5NWFkMzYxNg__/1.0.0.1/,40代 女性,"
","
","
","
","BOTASNISTシリーズを愛用しています。　

今回初めてチャコールクレンズを試してみようと思い注文しました。　

まだ使っていませんが、冬の間にたまった地肌の汚れがスッキリと落ちることを期待しています。"
2020-05-21,4,"""大将！さん"" ",https://review.rakuten.co.jp/my/OWFmZmM3M2Y5NA__/1.0.0.1/,40代 男性,実用品・普段使い,子供へ,はじめて,"
","娘用です。いつものとは一味違う、墨成分配合（？）黒とグレー品。　

香りはいいです。"
2020-05-20,4,"ゲストさん"" ","
","
",実用品・普段使い,自分用,はじめて,"
","超汗っかきで、梅雨時から夏は頭が蒸れて痒くなって大変なので、こちらを使ってみました。　

シャンプーは二度洗いするか多めにつけるかしないと泡立ちがイマイチです。そしてめっちゃギシギシして、こんなんで大丈夫？と思いましたが、リンスをするとすぐに滑らかになりました。　

リンスで頭皮マッサージをするとスースーして気持ちいいです。　

乾かしたあとは頭皮が軽くなったようでとてもサッパリしますし髪もサラサラになりますが、元々クセ毛で広がりやすいので、まとまりはゼロでした。　

2回目以降は、こちらのリンスに今まで使ってたBOTANISTのしっとりタイプのリンスを混ぜて使うようにしたら、サッパリ感はそのままでまとまるようになりました。　

シャンプーの量を使う事とリンスをもう一種類足す事でコスパは悪くなるかなと思いますが、とにかくサッパリして気持ちいいので、夏が終わるまではこのシリーズでいく予定です。"
2020-05-18,5,"""arinko1009さん"" ",https://review.rakuten.co.jp/my/MjFiZWI4YmZlMTM0OTkxYw__/1.0.0.1/,20代 男性,"
","
","
","
","とても早い対応ありがとうございました！　

とても気に入りました！"
2020-05-18,5,"ゲストさん"" ","
","
","
","
","
","
","昨年も夏に購入。これから暑い日がやってきますので、今年も購入しました。　

使用感は、シャンプー後の髪の毛のきしみが気になりましたが、トリートメントをすると嘘みたいになめらかになります。　

アラフィの私は、梅雨時期湿度が高くなると頭皮の臭いが気になりますが、この商品を使用している時はあまり気にならなくなります。また購入したいと思います。"
2020-05-17,5,"""ERI12345さん"" ",https://review.rakuten.co.jp/my/MDJlMTg2OTU4MzJmNzQxZg__/1.0.0.1/,20代 女性,実用品・普段使い,自分用,はじめて,"
","パソコン仕事で頭皮がガチガチだったのでほぐす目的で購入しました！　

シャンプーの泡立ちはあんまりよくないですが多めにプッシュしたらそこそこ泡立ちました。　

洗っている時はメントール感はあんまり感じませんでしたが、洗い流している最中〜洗い終わり後にメントール感がほどよくでてきて気持ち良いです。　

トリートメントも頭皮に使えて、洗い流すとやっぱりメントール感が心地よいです。　

香りもスッキリ系で嫌味がないです。　

乾かすと髪はサラサラになりました。　

いつもはボタニストのダメージケアを使っているのですが、週に何日かこちらをつかって、髪と頭皮両方ケアしたいと思います。"